Name,Math,Science,English,Average
Pooja,90,88.0,92,90.0
Simran,88,79.0,83,83.33333333333333
Amit,78,85.0,80,81.0
Rahul,70,84.0,75,76.33333333333333
